Workbook

Sheet 완료확인
A2: 시험 완료 확인
A3: 노란색 최종실행ID에 실제 기록을 연결합니다. 합격·증거·도면은 별도로 검토합니다.
A5: 시험ID | B5: 단계 | C5: 시험명 | D5: 구분 | E5: 최종실행ID | F5: 판정 | G5: 대표증거ID | H5: 증거 연결 | I5: 도면 참조 | J5: 검토 메모
A6: P01 | B6: 02 기동·준비 | C6: 초기 RUN과 안전 복귀·모델 정리·RESET의 역할 구분 | D6: 필수 | E6: RUN20261017-01-P01-A01 | F6: =IF(E6="","미실시",IF(COUNTIFS(실행기록!$A$6:$A$30,E6)<>1,"실행ID 확인",IF(INDEX(실행기록!$B$6:$B$30,MATCH(E6,실행기록!$A$6:$A$30,0))<>A6,"시험ID 불일치",IF(INDEX(실행기록!$J$6:$J$30,MATCH(E6,실행기록!$A$6:$A$30,0))="","판정 없음",IF(AND(INDEX(실행기록!$J$6:$J$30,MATCH(E6,실행기록!$A$6:$A$30,0))="합격",OR(INDEX(실행기록!$D$6:$D$30,MATCH(E6,실행기록!$A$6:$A$30,0))="",INDEX(실행기록!$E$6:$E$30,MATCH(E6,실행기록!$A$6:$A$30,0))="",INDEX(실행기록!$F$6:$F$30,MATCH(E6,실행기록!$A$6:$A$30,0))="",INDEX(실행기록!$G$6:$G$30,MATCH(E6,실행기록!$A$6:$A$30,0))="")),"기록 미완료",INDEX(실행기록!$J$6:$J$30,MATCH(E6,실행기록!$A$6:$A$30,0))))))) -> 합격 | G6: =IF(E6="","",IF(COUNTIFS(실행기록!$A$6:$A$30,E6)<>1,"",IF(INDEX(실행기록!$B$6:$B$30,MATCH(E6,실행기록!$A$6:$A$30,0))<>A6,"",IF(INDEX(실행기록!$I$6:$I$30,MATCH(E6,실행기록!$A$6:$A$30,0))="","",INDEX(실행기록!$I$6:$I$30,MATCH(E6,실행기록!$A$6:$A$30,0)))))) -> P01_01_initial.png | H6: =IF(E6="","미연결",IF(G6="","증거 없음",IF(COUNTIFS(증거목록!$A$6:$A$393,G6)<>1,"미등록/중복",IF(INDEX(증거목록!$B$6:$B$393,MATCH(G6,증거목록!$A$6:$A$393,0))<>E6,"증거 실행ID 불일치",IF(INDEX(증거목록!$D$6:$D$393,MATCH(G6,증거목록!$A$6:$A$393,0))="","경로 없음","등록됨"))))) -> 등록됨 | I6: R103, R104, R106, R114, R116
A7: AE01 | B7: 02 기동·준비 | C7: 실측 센서→FX→LS 및 ATE 준비 상태 | D7: 필수 | E7: RUN20261017-01-AE01-A01 | F7: =IF(E7="","미실시",IF(COUNTIFS(실행기록!$A$6:$A$30,E7)<>1,"실행ID 확인",IF(INDEX(실행기록!$B$6:$B$30,MATCH(E7,실행기록!$A$6:$A$30,0))<>A7,"시험ID 불일치",IF(INDEX(실행기록!$J$6:$J$30,MATCH(E7,실행기록!$A$6:$A$30,0))="","판정 없음",IF(AND(INDEX(실행기록!$J$6:$J$30,MATCH(E7,실행기록!$A$6:$A$30,0))="합격",OR(INDEX(실행기록!$D$6:$D$30,MATCH(E7,실행기록!$A$6:$A$30,0))="",INDEX(실행기록!$E$6:$E$30,MATCH(E7,실행기록!$A$6:$A$30,0))="",INDEX(실행기록!$F$6:$F$30,MATCH(E7,실행기록!$A$6:$A$30,0))="",INDEX(실행기록!$G$6:$G$30,MATCH(E7,실행기록!$A$6:$A$30,0))="")),"기록 미완료",INDEX(실행기록!$J$6:$J$30,MATCH(E7,실행기록!$A$6:$A$30,0))))))) -> 합격 | G7: =IF(E7="","",IF(COUNTIFS(실행기록!$A$6:$A$30,E7)<>1,"",IF(INDEX(실행기록!$B$6:$B$30,MATCH(E7,실행기록!$A$6:$A$30,0))<>A7,"",IF(INDEX(실행기록!$I$6:$I$30,MATCH(E7,실행기록!$A$6:$A$30,0))="","",INDEX(실행기록!$I$6:$I$30,MATCH(E7,실행기록!$A$6:$A$30,0)))))) -> AE01_01_esp_monitor.png | H7: =IF(E7="","미연결",IF(G7="","증거 없음",IF(COUNTIFS(증거목록!$A$6:$A$393,G7)<>1,"미등록/중복",IF(INDEX(증거목록!$B$6:$B$393,MATCH(G7,증거목록!$A$6:$A$393,0))<>E7,"증거 실행ID 불일치",IF(INDEX(증거목록!$D$6:$D$393,MATCH(G7,증거목록!$A$6:$A$393,0))="","경로 없음","등록됨"))))) -> 등록됨 | I7: R102, R107, R109, R110, R111, R112, R115, R116
A8: P02 | B8: 03 정상 5건·이력 | C8: 단발 PASS 한 제품의 검사 수락·자동 분류·배출·계수 | D8: 필수 | E8: RUN20261017-01-P02-A01 | F8: =IF(E8="","미실시",IF(COUNTIFS(실행기록!$A$6:$A$30,E8)<>1,"실행ID 확인",IF(INDEX(실행기록!$B$6:$B$30,MATCH(E8,실행기록!$A$6:$A$30,0))<>A8,"시험ID 불일치",IF(INDEX(실행기록!$J$6:$J$30,MATCH(E8,실행기록!$A$6:$A$30,0))="","판정 없음",IF(AND(INDEX(실행기록!$J$6:$J$30,MATCH(E8,실행기록!$A$6:$A$30,0))="합격",OR(INDEX(실행기록!$D$6:$D$30,MATCH(E8,실행기록!$A$6:$A$30,0))="",INDEX(실행기록!$E$6:$E$30,MATCH(E8,실행기록!$A$6:$A$30,0))="",INDEX(실행기록!$F$6:$F$30,MATCH(E8,실행기록!$A$6:$A$30,0))="",INDEX(실행기록!$G$6:$G$30,MATCH(E8,실행기록!$A$6:$A$30,0))="")),"기록 미완료",INDEX(실행기록!$J$6:$J$30,MATCH(E8,실행기록!$A$6:$A$30,0))))))) -> 합격 | G8: =IF(E8="","",IF(COUNTIFS(실행기록!$A$6:$A$30,E8)<>1,"",IF(INDEX(실행기록!$B$6:$B$30,MATCH(E8,실행기록!$A$6:$A$30,0))<>A8,"",IF(INDEX(실행기록!$I$6:$I$30,MATCH(E8,실행기록!$A$6:$A$30,0))="","",INDEX(실행기록!$I$6:$I$30,MATCH(E8,실행기록!$A$6:$A$30,0)))))) -> P02_01_cycle.mp4 | H8: =IF(E8="","미연결",IF(G8="","증거 없음",IF(COUNTIFS(증거목록!$A$6:$A$393,G8)<>1,"미등록/중복",IF(INDEX(증거목록!$B$6:$B$393,MATCH(G8,증거목록!$A$6:$A$393,0))<>E8,"증거 실행ID 불일치",IF(INDEX(증거목록!$D$6:$D$393,MATCH(G8,증거목록!$A$6:$A$393,0))="","경로 없음","등록됨"))))) -> 등록됨 | I8: R105, R107, R108, R114, R115, R116
A9: P03 | B9: 03 정상 5건·이력 | C9: 단발 FAIL 한 제품의 검사 수락·자동 분류·배출·계수 | D9: 필수 | E9: RUN20261017-01-P03-A01 | F9: =IF(E9="","미실시",IF(COUNTIFS(실행기록!$A$6:$A$30,E9)<>1,"실행ID 확인",IF(INDEX(실행기록!$B$6:$B$30,MATCH(E9,실행기록!$A$6:$A$30,0))<>A9,"시험ID 불일치",IF(INDEX(실행기록!$J$6:$J$30,MATCH(E9,실행기록!$A$6:$A$30,0))="","판정 없음",IF(AND(INDEX(실행기록!$J$6:$J$30,MATCH(E9,실행기록!$A$6:$A$30,0))="합격",OR(INDEX(실행기록!$D$6:$D$30,MATCH(E9,실행기록!$A$6:$A$30,0))="",INDEX(실행기록!$E$6:$E$30,MATCH(E9,실행기록!$A$6:$A$30,0))="",INDEX(실행기록!$F$6:$F$30,MATCH(E9,실행기록!$A$6:$A$30,0))="",INDEX(실행기록!$G$6:$G$30,MATCH(E9,실행기록!$A$6:$A$30,0))="")),"기록 미완료",INDEX(실행기록!$J$6:$J$30,MATCH(E9,실행기록!$A$6:$A$30,0))))))) -> 합격 | G9: =IF(E9="","",IF(COUNTIFS(실행기록!$A$6:$A$30,E9)<>1,"",IF(INDEX(실행기록!$B$6:$B$30,MATCH(E9,실행기록!$A$6:$A$30,0))<>A9,"",IF(INDEX(실행기록!$I$6:$I$30,MATCH(E9,실행기록!$A$6:$A$30,0))="","",INDEX(실행기록!$I$6:$I$30,MATCH(E9,실행기록!$A$6:$A$30,0)))))) -> P03_01_cycle.mp4 | H9: =IF(E9="","미연결",IF(G9="","증거 없음",IF(COUNTIFS(증거목록!$A$6:$A$393,G9)<>1,"미등록/중복",IF(INDEX(증거목록!$B$6:$B$393,MATCH(G9,증거목록!$A$6:$A$393,0))<>E9,"증거 실행ID 불일치",IF(INDEX(증거목록!$D$6:$D$393,MATCH(G9,증거목록!$A$6:$A$393,0))="","경로 없음","등록됨"))))) -> 등록됨 | I9: R105, R107, R108, R114, R115, R116
A10: P04 | B10: 03 정상 5건·이력 | C10: 단발 RETEST 한 제품의 검사 수락·자동 분류·배출·계수 | D10: 필수 | E10: RUN20261017-01-P04-A01 | F10: =IF(E10="","미실시",IF(COUNTIFS(실행기록!$A$6:$A$30,E10)<>1,"실행ID 확인",IF(INDEX(실행기록!$B$6:$B$30,MATCH(E10,실행기록!$A$6:$A$30,0))<>A10,"시험ID 불일치",IF(INDEX(실행기록!$J$6:$J$30,MATCH(E10,실행기록!$A$6:$A$30,0))="","판정 없음",IF(AND(INDEX(실행기록!$J$6:$J$30,MATCH(E10,실행기록!$A$6:$A$30,0))="합격",OR(INDEX(실행기록!$D$6:$D$30,MATCH(E10,실행기록!$A$6:$A$30,0))="",INDEX(실행기록!$E$6:$E$30,MATCH(E10,실행기록!$A$6:$A$30,0))="",INDEX(실행기록!$F$6:$F$30,MATCH(E10,실행기록!$A$6:$A$30,0))="",INDEX(실행기록!$G$6:$G$30,MATCH(E10,실행기록!$A$6:$A$30,0))="")),"기록 미완료",INDEX(실행기록!$J$6:$J$30,MATCH(E10,실행기록!$A$6:$A$30,0))))))) -> 합격 | G10: =IF(E10="","",IF(COUNTIFS(실행기록!$A$6:$A$30,E10)<>1,"",IF(INDEX(실행기록!$B$6:$B$30,MATCH(E10,실행기록!$A$6:$A$30,0))<>A10,"",IF(INDEX(실행기록!$I$6:$I$30,MATCH(E10,실행기록!$A$6:$A$30,0))="","",INDEX(실행기록!$I$6:$I$30,MATCH(E10,실행기록!$A$6:$A$30,0)))))) -> P04_01_cycle.mp4 | H10: =IF(E10="","미연결",IF(G10="","증거 없음",IF(COUNTIFS(증거목록!$A$6:$A$393,G10)<>1,"미등록/중복",IF(INDEX(증거목록!$B$6:$B$393,MATCH(G10,증거목록!$A$6:$A$393,0))<>E10,"증거 실행ID 불일치",IF(INDEX(증거목록!$D$6:$D$393,MATCH(G10,증거목록!$A$6:$A$393,0))="","경로 없음","등록됨"))))) -> 등록됨 | I10: R105, R107, R108, R114, R115, R116
A11: AE02 | B11: 03 정상 5건·이력 | C11: 가상 전압 하한·상한 PASS 두 건 추가 | D11: 필수 | E11: RUN20261017-01-AE02-A01 | F11: =IF(E11="","미실시",IF(COUNTIFS(실행기록!$A$6:$A$30,E11)<>1,"실행ID 확인",IF(INDEX(실행기록!$B$6:$B$30,MATCH(E11,실행기록!$A$6:$A$30,0))<>A11,"시험ID 불일치",IF(INDEX(실행기록!$J$6:$J$30,MATCH(E11,실행기록!$A$6:$A$30,0))="","판정 없음",IF(AND(INDEX(실행기록!$J$6:$J$30,MATCH(E11,실행기록!$A$6:$A$30,0))="합격",OR(INDEX(실행기록!$D$6:$D$30,MATCH(E11,실행기록!$A$6:$A$30,0))="",INDEX(실행기록!$E$6:$E$30,MATCH(E11,실행기록!$A$6:$A$30,0))="",INDEX(실행기록!$F$6:$F$30,MATCH(E11,실행기록!$A$6:$A$30,0))="",INDEX(실행기록!$G$6:$G$30,MATCH(E11,실행기록!$A$6:$A$30,0))="")),"기록 미완료",INDEX(실행기록!$J$6:$J$30,MATCH(E11,실행기록!$A$6:$A$30,0))))))) -> 합격 | G11: =IF(E11="","",IF(COUNTIFS(실행기록!$A$6:$A$30,E11)<>1,"",IF(INDEX(실행기록!$B$6:$B$30,MATCH(E11,실행기록!$A$6:$A$30,0))<>A11,"",IF(INDEX(실행기록!$I$6:$I$30,MATCH(E11,실행기록!$A$6:$A$30,0))="","",INDEX(실행기록!$I$6:$I$30,MATCH(E11,실행기록!$A$6:$A$30,0)))))) -> AE02_03_ate.csv | H11: =IF(E11="","미연결",IF(G11="","증거 없음",IF(COUNTIFS(증거목록!$A$6:$A$393,G11)<>1,"미등록/중복",IF(INDEX(증거목록!$B$6:$B$393,MATCH(G11,증거목록!$A$6:$A$393,0))<>E11,"증거 실행ID 불일치",IF(INDEX(증거목록!$D$6:$D$393,MATCH(G11,증거목록!$A$6:$A$393,0))="","경로 없음","등록됨"))))) -> 등록됨 | I11: R105, R107, R108, R113, R114, R115
A12: AE05 | B12: 03 정상 5건·이력 | C12: CSV 1수락1행·최근5건 조회·반복조회 | D12: 필수 | E12: RUN20261017-01-AE05-A01 | F12: =IF(E12="","미실시",IF(COUNTIFS(실행기록!$A$6:$A$30,E12)<>1,"실행ID 확인",IF(INDEX(실행기록!$B$6:$B$30,MATCH(E12,실행기록!$A$6:$A$30,0))<>A12,"시험ID 불일치",IF(INDEX(실행기록!$J$6:$J$30,MATCH(E12,실행기록!$A$6:$A$30,0))="","판정 없음",IF(AND(INDEX(실행기록!$J$6:$J$30,MATCH(E12,실행기록!$A$6:$A$30,0))="합격",OR(INDEX(실행기록!$D$6:$D$30,MATCH(E12,실행기록!$A$6:$A$30,0))="",INDEX(실행기록!$E$6:$E$30,MATCH(E12,실행기록!$A$6:$A$30,0))="",INDEX(실행기록!$F$6:$F$30,MATCH(E12,실행기록!$A$6:$A$30,0))="",INDEX(실행기록!$G$6:$G$30,MATCH(E12,실행기록!$A$6:$A$30,0))="")),"기록 미완료",INDEX(실행기록!$J$6:$J$30,MATCH(E12,실행기록!$A$6:$A$30,0))))))) -> 합격 | G12: =IF(E12="","",IF(COUNTIFS(실행기록!$A$6:$A$30,E12)<>1,"",IF(INDEX(실행기록!$B$6:$B$30,MATCH(E12,실행기록!$A$6:$A$30,0))<>A12,"",IF(INDEX(실행기록!$I$6:$I$30,MATCH(E12,실행기록!$A$6:$A$30,0))="","",INDEX(실행기록!$I$6:$I$30,MATCH(E12,실행기록!$A$6:$A$30,0)))))) -> AE05_01_ate.csv | H12: =IF(E12="","미연결",IF(G12="","증거 없음",IF(COUNTIFS(증거목록!$A$6:$A$393,G12)<>1,"미등록/중복",IF(INDEX(증거목록!$B$6:$B$393,MATCH(G12,증거목록!$A$6:$A$393,0))<>E12,"증거 실행ID 불일치",IF(INDEX(증거목록!$D$6:$D$393,MATCH(G12,증거목록!$A$6:$A$393,0))="","경로 없음","등록됨"))))) -> 등록됨 | I12: R107, R108, R115, R116
A13: P05 | B13: 04 운전·안전 | C13: Auto/Manual과 수량 초기화의 허용 조건 | D13: 필수 | E13: RUN20261017-01-P05-A01 | F13: =IF(E13="","미실시",IF(COUNTIFS(실행기록!$A$6:$A$30,E13)<>1,"실행ID 확인",IF(INDEX(실행기록!$B$6:$B$30,MATCH(E13,실행기록!$A$6:$A$30,0))<>A13,"시험ID 불일치",IF(INDEX(실행기록!$J$6:$J$30,MATCH(E13,실행기록!$A$6:$A$30,0))="","판정 없음",IF(AND(INDEX(실행기록!$J$6:$J$30,MATCH(E13,실행기록!$A$6:$A$30,0))="합격",OR(INDEX(실행기록!$D$6:$D$30,MATCH(E13,실행기록!$A$6:$A$30,0))="",INDEX(실행기록!$E$6:$E$30,MATCH(E13,실행기록!$A$6:$A$30,0))="",INDEX(실행기록!$F$6:$F$30,MATCH(E13,실행기록!$A$6:$A$30,0))="",INDEX(실행기록!$G$6:$G$30,MATCH(E13,실행기록!$A$6:$A$30,0))="")),"기록 미완료",INDEX(실행기록!$J$6:$J$30,MATCH(E13,실행기록!$A$6:$A$30,0))))))) -> 합격 | G13: =IF(E13="","",IF(COUNTIFS(실행기록!$A$6:$A$30,E13)<>1,"",IF(INDEX(실행기록!$B$6:$B$30,MATCH(E13,실행기록!$A$6:$A$30,0))<>A13,"",IF(INDEX(실행기록!$I$6:$I$30,MATCH(E13,실행기록!$A$6:$A$30,0))="","",INDEX(실행기록!$I$6:$I$30,MATCH(E13,실행기록!$A$6:$A$30,0)))))) -> P05_06_mode_count_reset.mp4 | H13: =IF(E13="","미연결",IF(G13="","증거 없음",IF(COUNTIFS(증거목록!$A$6:$A$393,G13)<>1,"미등록/중복",IF(INDEX(증거목록!$B$6:$B$393,MATCH(G13,증거목록!$A$6:$A$393,0))<>E13,"증거 실행ID 불일치",IF(INDEX(증거목록!$D$6:$D$393,MATCH(G13,증거목록!$A$6:$A$393,0))="","경로 없음","등록됨"))))) -> 등록됨 | I13: R106, R115, R116
A14: P06 | B14: 04 운전·안전 | C14: 연속 운전·배출 수거 인터록·단발 전환·재선택 | D14: 필수 | E14: RUN20261017-01-P06-A01 | F14: =IF(E14="","미실시",IF(COUNTIFS(실행기록!$A$6:$A$30,E14)<>1,"실행ID 확인",IF(INDEX(실행기록!$B$6:$B$30,MATCH(E14,실행기록!$A$6:$A$30,0))<>A14,"시험ID 불일치",IF(INDEX(실행기록!$J$6:$J$30,MATCH(E14,실행기록!$A$6:$A$30,0))="","판정 없음",IF(AND(INDEX(실행기록!$J$6:$J$30,MATCH(E14,실행기록!$A$6:$A$30,0))="합격",OR(INDEX(실행기록!$D$6:$D$30,MATCH(E14,실행기록!$A$6:$A$30,0))="",INDEX(실행기록!$E$6:$E$30,MATCH(E14,실행기록!$A$6:$A$30,0))="",INDEX(실행기록!$F$6:$F$30,MATCH(E14,실행기록!$A$6:$A$30,0))="",INDEX(실행기록!$G$6:$G$30,MATCH(E14,실행기록!$A$6:$A$30,0))="")),"기록 미완료",INDEX(실행기록!$J$6:$J$30,MATCH(E14,실행기록!$A$6:$A$30,0))))))) -> 합격 | G14: =IF(E14="","",IF(COUNTIFS(실행기록!$A$6:$A$30,E14)<>1,"",IF(INDEX(실행기록!$B$6:$B$30,MATCH(E14,실행기록!$A$6:$A$30,0))<>A14,"",IF(INDEX(실행기록!$I$6:$I$30,MATCH(E14,실행기록!$A$6:$A$30,0))="","",INDEX(실행기록!$I$6:$I$30,MATCH(E14,실행기록!$A$6:$A$30,0)))))) -> P06_01_continuous.mp4 | H14: =IF(E14="","미연결",IF(G14="","증거 없음",IF(COUNTIFS(증거목록!$A$6:$A$393,G14)<>1,"미등록/중복",IF(INDEX(증거목록!$B$6:$B$393,MATCH(G14,증거목록!$A$6:$A$393,0))<>E14,"증거 실행ID 불일치",IF(INDEX(증거목록!$D$6:$D$393,MATCH(G14,증거목록!$A$6:$A$393,0))="","경로 없음","등록됨"))))) -> 등록됨 | I14: R106, R114, R115, R116
A15: P07 | B15: 04 운전·안전 | C15: 연속 중 공정 STOP·ACK·수동 복구 | D15: 필수 | E15: RUN20261017-01-P07-A01 | F15: =IF(E15="","미실시",IF(COUNTIFS(실행기록!$A$6:$A$30,E15)<>1,"실행ID 확인",IF(INDEX(실행기록!$B$6:$B$30,MATCH(E15,실행기록!$A$6:$A$30,0))<>A15,"시험ID 불일치",IF(INDEX(실행기록!$J$6:$J$30,MATCH(E15,실행기록!$A$6:$A$30,0))="","판정 없음",IF(AND(INDEX(실행기록!$J$6:$J$30,MATCH(E15,실행기록!$A$6:$A$30,0))="합격",OR(INDEX(실행기록!$D$6:$D$30,MATCH(E15,실행기록!$A$6:$A$30,0))="",INDEX(실행기록!$E$6:$E$30,MATCH(E15,실행기록!$A$6:$A$30,0))="",INDEX(실행기록!$F$6:$F$30,MATCH(E15,실행기록!$A$6:$A$30,0))="",INDEX(실행기록!$G$6:$G$30,MATCH(E15,실행기록!$A$6:$A$30,0))="")),"기록 미완료",INDEX(실행기록!$J$6:$J$30,MATCH(E15,실행기록!$A$6:$A$30,0))))))) -> 합격 | G15: =IF(E15="","",IF(COUNTIFS(실행기록!$A$6:$A$30,E15)<>1,"",IF(INDEX(실행기록!$B$6:$B$30,MATCH(E15,실행기록!$A$6:$A$30,0))<>A15,"",IF(INDEX(실행기록!$I$6:$I$30,MATCH(E15,실행기록!$A$6:$A$30,0))="","",INDEX(실행기록!$I$6:$I$30,MATCH(E15,실행기록!$A$6:$A$30,0)))))) -> P07_00_stop_recovery.mp4 | H15: =IF(E15="","미연결",IF(G15="","증거 없음",IF(COUNTIFS(증거목록!$A$6:$A$393,G15)<>1,"미등록/중복",IF(INDEX(증거목록!$B$6:$B$393,MATCH(G15,증거목록!$A$6:$A$393,0))<>E15,"증거 실행ID 불일치",IF(INDEX(증거목록!$D$6:$D$393,MATCH(G15,증거목록!$A$6:$A$393,0))="","경로 없음","등록됨"))))) -> 등록됨 | I15: R104, R105, R106, R113, R114, R116, R115
A16: P08 | B16: 04 운전·안전 | C16: 비상정지·문·안전 모사 고장과 누른 채 복귀 방지 | D16: 필수 | E16: RUN20261017-01-P08-A01 | F16: =IF(E16="","미실시",IF(COUNTIFS(실행기록!$A$6:$A$30,E16)<>1,"실행ID 확인",IF(INDEX(실행기록!$B$6:$B$30,MATCH(E16,실행기록!$A$6:$A$30,0))<>A16,"시험ID 불일치",IF(INDEX(실행기록!$J$6:$J$30,MATCH(E16,실행기록!$A$6:$A$30,0))="","판정 없음",IF(AND(INDEX(실행기록!$J$6:$J$30,MATCH(E16,실행기록!$A$6:$A$30,0))="합격",OR(INDEX(실행기록!$D$6:$D$30,MATCH(E16,실행기록!$A$6:$A$30,0))="",INDEX(실행기록!$E$6:$E$30,MATCH(E16,실행기록!$A$6:$A$30,0))="",INDEX(실행기록!$F$6:$F$30,MATCH(E16,실행기록!$A$6:$A$30,0))="",INDEX(실행기록!$G$6:$G$30,MATCH(E16,실행기록!$A$6:$A$30,0))="")),"기록 미완료",INDEX(실행기록!$J$6:$J$30,MATCH(E16,실행기록!$A$6:$A$30,0))))))) -> 합격 | G16: =IF(E16="","",IF(COUNTIFS(실행기록!$A$6:$A$30,E16)<>1,"",IF(INDEX(실행기록!$B$6:$B$30,MATCH(E16,실행기록!$A$6:$A$30,0))<>A16,"",IF(INDEX(실행기록!$I$6:$I$30,MATCH(E16,실행기록!$A$6:$A$30,0))="","",INDEX(실행기록!$I$6:$I$30,MATCH(E16,실행기록!$A$6:$A$30,0)))))) -> P08_A_held_reset.mp4 | H16: =IF(E16="","미연결",IF(G16="","증거 없음",IF(COUNTIFS(증거목록!$A$6:$A$393,G16)<>1,"미등록/중복",IF(INDEX(증거목록!$B$6:$B$393,MATCH(G16,증거목록!$A$6:$A$393,0))<>E16,"증거 실행ID 불일치",IF(INDEX(증거목록!$D$6:$D$393,MATCH(G16,증거목록!$A$6:$A$393,0))="","경로 없음","등록됨"))))) -> 등록됨 | I16: R104, R106, R114, R116
A17: P09 | B17: 04 운전·안전 | C17: 환경 시작 허가 OFF에서 현사이클 마무리·새 START 차단 | D17: 필수 | E17: RUN20261017-01-P09-A01 | F17: =IF(E17="","미실시",IF(COUNTIFS(실행기록!$A$6:$A$30,E17)<>1,"실행ID 확인",IF(INDEX(실행기록!$B$6:$B$30,MATCH(E17,실행기록!$A$6:$A$30,0))<>A17,"시험ID 불일치",IF(INDEX(실행기록!$J$6:$J$30,MATCH(E17,실행기록!$A$6:$A$30,0))="","판정 없음",IF(AND(INDEX(실행기록!$J$6:$J$30,MATCH(E17,실행기록!$A$6:$A$30,0))="합격",OR(INDEX(실행기록!$D$6:$D$30,MATCH(E17,실행기록!$A$6:$A$30,0))="",INDEX(실행기록!$E$6:$E$30,MATCH(E17,실행기록!$A$6:$A$30,0))="",INDEX(실행기록!$F$6:$F$30,MATCH(E17,실행기록!$A$6:$A$30,0))="",INDEX(실행기록!$G$6:$G$30,MATCH(E17,실행기록!$A$6:$A$30,0))="")),"기록 미완료",INDEX(실행기록!$J$6:$J$30,MATCH(E17,실행기록!$A$6:$A$30,0))))))) -> 합격 | G17: =IF(E17="","",IF(COUNTIFS(실행기록!$A$6:$A$30,E17)<>1,"",IF(INDEX(실행기록!$B$6:$B$30,MATCH(E17,실행기록!$A$6:$A$30,0))<>A17,"",IF(INDEX(실행기록!$I$6:$I$30,MATCH(E17,실행기록!$A$6:$A$30,0))="","",INDEX(실행기록!$I$6:$I$30,MATCH(E17,실행기록!$A$6:$A$30,0)))))) -> P09_01_env_off.mp4 | H17: =IF(E17="","미연결",IF(G17="","증거 없음",IF(COUNTIFS(증거목록!$A$6:$A$393,G17)<>1,"미등록/중복",IF(INDEX(증거목록!$B$6:$B$393,MATCH(G17,증거목록!$A$6:$A$393,0))<>E17,"증거 실행ID 불일치",IF(INDEX(증거목록!$D$6:$D$393,MATCH(G17,증거목록!$A$6:$A$393,0))="","경로 없음","등록됨"))))) -> 등록됨 | I17: R106, R111, R112, R115, R116
... A30: AE12 | B30: 07 지속 운전·종료 | C30: 정상 종료·증거 보존·다음 실행 준비 | D30: 필수 | E30: RUN20261017-01-AE12-A01 | F30: =IF(E30="","미실시",IF(COUNTIFS(실행기록!$A$6:$A$30,E30)<>1,"실행ID 확인",IF(INDEX(실행기록!$B$6:$B$30,MATCH(E30,실행기록!$A$6:$A$30,0))<>A30,"시험ID 불일치",IF(INDEX(실행기록!$J$6:$J$30,MATCH(E30,실행기록!$A$6:$A$30,0))="","판정 없음",IF(AND(INDEX(실행기록!$J$6:$J$30,MATCH(E30,실행기록!$A$6:$A$30,0))="합격",OR(INDEX(실행기록!$D$6:$D$30,MATCH(E30,실행기록!$A$6:$A$30,0))="",INDEX(실행기록!$E$6:$E$30,MATCH(E30,실행기록!$A$6:$A$30,0))="",INDEX(실행기록!$F$6:$F$30,MATCH(E30,실행기록!$A$6:$A$30,0))="",INDEX(실행기록!$G$6:$G$30,MATCH(E30,실행기록!$A$6:$A$30,0))="")),"기록 미완료",INDEX(실행기록!$J$6:$J$30,MATCH(E30,실행기록!$A$6:$A$30,0))))))) -> 합격 | G30: =IF(E30="","",IF(COUNTIFS(실행기록!$A$6:$A$30,E30)<>1,"",IF(INDEX(실행기록!$B$6:$B$30,MATCH(E30,실행기록!$A$6:$A$30,0))<>A30,"",IF(INDEX(실행기록!$I$6:$I$30,MATCH(E30,실행기록!$A$6:$A$30,0))="","",INDEX(실행기록!$I$6:$I$30,MATCH(E30,실행기록!$A$6:$A$30,0)))))) -> AE12_01_normal_shutdown.mp4 | H30: =IF(E30="","미연결",IF(G30="","증거 없음",IF(COUNTIFS(증거목록!$A$6:$A$393,G30)<>1,"미등록/중복",IF(INDEX(증거목록!$B$6:$B$393,MATCH(G30,증거목록!$A$6:$A$393,0))<>E30,"증거 실행ID 불일치",IF(INDEX(증거목록!$D$6:$D$393,MATCH(G30,증거목록!$A$6:$A$393,0))="","경로 없음","등록됨"))))) -> 등록됨 | I30: R108, R110, R112, R116

Sheet 실행기록
A2: 실제 시험 실행기록
A3: 실패 행을 남기고 재시험은 새 행에 추가합니다. 실제 관측 칸은 현재 비어 있습니다.
A5: 실행ID | B5: 시험ID | C5: 차수 | D5: 기준선ID | E5: 시작시각 KST | F5: 종료시각 KST | G5: 실제 관측 결과 | H5: 전후 누계·CSV행·요청/수락ID | I5: 대표증거ID | J5: 판정 | K5: 문제ID | L5: 원실행ID
A6: RUN20261017-01-P01-A01 | B6: P01 | C6: 1 | D6: BL-001 | E6: 46312.613 | F6: 46312.627 | G6: RUN 직후: 공정상태0, 알람1, 안전허가0 확인. 안전 복귀 후: 안전허가1, 공정상태0·알람1 유지 확인. 공정 RESET 후: 공정상태10, 알람0, ATE_READY=True 확인. 20초 대기 중 자동 기동 없음, 제품 모델0 유지 확인. | H6: Total 0→0 / PASS 0→0 / FAIL 0→0 / RETEST 0→0 CSV 미생성 / 신규 검사 요청 없음 | I6: P01_01_initial.png | J6: 합격
A7: RUN20261017-01-AE01-A01 | B7: AE01 | C7: 1 | D7: BL-001 | E7: 46312.64 | F7: 46312.672 | G7: ESP BOOT52/정상SEQ5~9(VALID1/STATUS0) 확인. CIMON SEQ64→96/이번실행ACK12→38 및 센서·환경중계 실행ON/오류0 확인. 준비 중 GX 온습도0/허가OFF 및 LS 상태0/알람1 사진을 보존함. 안전복귀·공정RESET 후 LS 상태10/알람0, 안전·문·환경허가1, 요청0, 생존카운터209→537 확인. 제품모델0 유지(시험자 확인). ATE_STATE60/ATE_READY=True/PLC_LIVE_OK=True 확인. | H7: TOTAL 0→0(32비트 D00300~301 사진 확인). PASS·FAIL·RETEST 전체32비트 누계는 캡처 범위 밖. D00022=0→0, 수락ID 미확인. 지정 증거폴더에 ATE 결과CSV 미생성. | I7: AE01_01_esp_monitor.png | J7: 합격
A8: RUN20261017-01-P02-A01 | B8: P02 | C8: 1 | D8: BL-001 | E8: 46312.784 | F8: 46312.789 | G8: Auto·단발에서 START 1회 후 검사응답대기60→PASS 게이트대기81→배출이송90→게이트복귀100→대기10 확인. PASS 명령·도달 ON, FAIL·RETEST 미동작 확인. 완료 후 알람0, 영상 종료까지 추가 사이클 없음. 후속 사진에서도 수량·요청ID·수락ID 유지 확인. 제품 모델 D01200=0 복귀 확인. | H8: TOTAL 0→1 / PASS 0→1 / FAIL 0→0 / RETEST 0→0. CSV 데이터1행(헤더 제외), AUTO/3300mV/범위3000~3600mV/결과1. request_id=accepted_id=1, D00024=D00029=1, D00102=1. 최종 요청D00022=0, Auto D00053=0, 단발 D01220=0. | I8: P02_01_cycle.mp4 | J8: 합격
A9: RUN20261017-01-P03-A01 | B9: P03 | C9: 1 | D9: BL-001 | E9: 46312.806 | F9: 46312.809 | G9: Auto·단발에서 검사응답대기60→FAIL 게이트대기82→배출이송90→대기10 확인. FAIL 명령·도달 ON, PASS·RETEST 미동작 확인. 완료 후 알람0, 영상 종료까지 추가 사이클 없음. 후속 사진에서도 수량·요청ID·수락ID 유지. 제품 모델 D01200=0 복귀 및 단발 D01220=0 확인. | H9: TOTAL 0→1 / PASS 0→0 / FAIL 0→1 / RETEST 0→0. 시험 전용 CSV 데이터1행(헤더 제외), AUTO/2900mV/범위3000~3600mV/결과2. request_id=accepted_id=1, D00024=D00029=1, D00102=2. 최종 요청D00022=0, Auto D00053=0. | I9: P03_01_cycle.mp4 | J9: 합격
A10: RUN20261017-01-P04-A01 | B10: P04 | C10: 1 | D10: BL-001 | E10: 46312.817 | F10: 46312.82 | G10: LabVIEW AutoVoltage OFF·RETEST 선택, PLC Auto·단발에서 검사응답대기60→RETEST 게이트대기83→배출이송90→대기10 확인. RETEST 명령·도달 ON, PASS·FAIL 미동작 확인. 완료 후 알람0, 영상 종료까지 추가 사이클 없음. 후속 사진에서도 수량·요청ID·수락ID 유지. 제품 모델 D01200=0 복귀 및 단발 D01220=0 확인. | H10: TOTAL 0→1 / PASS 0→0 / FAIL 0→0 / RETEST 0→1. 시험 전용 CSV 데이터1행(헤더 제외), MANUAL/전압・하한・상한 공란/결과3. request_id=accepted_id=1, D00024=D00029=1, D00102=3. 최종 요청D00022=0, Auto D00053=0. | I10: P04_01_cycle.mp4 | J10: 합격
A11: RUN20261017-01-AE02-A01 | B11: AE02 | C11: 1 | D11: BL-001 | E11: 46312.832 | F11: 46312.839 | G11: AE02 독립 실행 안에서 하한3000mV·상한3600mV 제품을 순서대로 검사. AutoVoltage ON, 기준3000~3600mV에서 두 경계값 모두 PASS 판정. 두 검사 모두 PASS 게이트 명령·도달 ON, FAIL·RETEST 미동작 및 배출 후 대기10 복귀 확인. 각 완료 후 알람0·제품 모델 D01200=0·단발 D01220=0 확인. 영상 종료까지 추가 운전·계수 없으며 후속 사진에서도 수량·ID 유지. | H11: TOTAL 0→1→2 / PASS 0→1→2 / FAIL 0 유지 / RETEST 0 유지. CSV 데이터2행(헤더 제외), 두 행 모두 AUTO·기준3000~3600·결과1. 3000mV의 request_id=accepted_id=1, 3600mV의 request_id=accepted_id=2. 최종 D00024=D00029=2, D00102=1, D00022=0, D00053=0. | I11: AE02_03_ate.csv | J11: 합격
A12: RUN20261017-01-AE05-A01 | B12: AE05 | C12: 1 | D12: BL-001 | E12: 46312.871 | F12: 46312.878 | G12: AE05 독립 실행에서 AUTO3300 PASS→AUTO2900 FAIL→MANUAL RETEST→AUTO3000 PASS→AUTO3600 PASS의5건 생성 확인. 최근5건이 최신순 ID5→1로 표시되고 MANUAL의 전압·범위는 --로 표시됨. 동일 CSV 반복 조회 시 조회시각은 갱신되지만 목록5행·요청ID·수락ID·생산량은 유지됨. INSP_VALID=1/INSP_ERROR=0/INSP_ROWS=5 확인. 조회 전 사본과 현재 원본의 바이트 내용·SHA-256이 동일함. 최종 상태10·알람0·제품 모델0·단발0 확인. | H12: TOTAL 0→5 / PASS 0→3 / FAIL 0→1 / RETEST 0→1. CSV 헤더1행+데이터5행, 각 행9필드. 요청ID1~5가 각1행이며 모든 request_id=accepted_id. 결과코드1/2/3/1/1, MANUAL 행의 전압·하한·상한 공란. 반복 조회 후 CSV5행·누계5/3/1/1 유지. 최종 D00024=D00029=5, D00102=1, D00022=0. | I12: AE05_01_ate.csv | J12: 합격
A13: RUN20261017-01-P05-A01 | B13: P05 | C13: 1 | D13: BL-001 | E13: 46313.929 | F13: 46313.945 | G13: Auto에서 수량 초기화 명령 후 누계 유지 확인. Manual에서 상태10·출력OFF·누계 유지 관측 후 수량 초기화로 전체 누계0 확인. Auto 복원 후 영상 종료까지 대기·누계0 유지. CSV 이력3건 보존 및 초기화 전 사본과 바이트 내용 동일 확인. 시험 준비 중 Manual로 전환하기 전에 Auto 상태에서 START를 잘못 눌러 추가 검사 1건이 실행되었고 요청·수락ID가4로 증가했다. 영상 촬영 전에 해당 CSV 행을 수동 삭제하고 TOTAL=3·RETEST=1로 복원했다(복원값은 시험자 기억 기준). ID4는 그대로 남았다. 이후 영상의 Manual START 차단·수량 초기화·Auto 복원 시험은 정상적으로 수행했다. ID4는 Manual START로 생성된 값이 아니다. CSV 보존 판정은 수동 정리 후 남은 기준 이력3건이 수량 초기화 후에도 유지된 범위로 한정한다. | H13: TOTAL/PASS/FAIL/RETEST 3/1/1/1→0/0/0/0. CSV 헤더1행+데이터3행, 요청ID=수락ID1~3. LS 요청·수락ID는 초기3→최종4. 최종 D00053=0/D00100=10/D00022=0/D00310=0/D01200=0/D01220=0. | I13: P05_06_mode_count_reset.mp4 | J13: 합격 | K13: ISS-P05-01
A14: RUN20261017-01-P06-A01 | B14: P06 | C14: 1 | D14: BL-001 | E14: 46313.97 | F14: 46313.975 | G14: 연속 START1회로4제품 자동 완료 확인. 4번째 제품의 상태30·누계3에서 단발 선택 후 현재 제품만 완료하여 누계4에서 대기. 연속 재선택 후20초 이상 상태10·누계4·운전기억0 유지 확인. 새 START로 재개한 제품도 상태30에서 단발 선택하여 누계5로 정상 종료. 최초 연속 선택 후20초 대기는 영상에 없으며 시험자가 별도로 무변화를 확인. 준비 중 LabVIEW 미실행 상태의 START1회로 요청ID1이 먼저 발생 반영. 연속 선택값1·운전기억0인데 단발 색이 유지되는 표시 개선 사항은 별도 메모. | H14: TOTAL 0→5/PASS 0→5/FAIL0/RETEST0. 첫 단발 전환 C=3→완료4, 재개 후4→5. CSV 헤더1행+데이터5행·각9필드, ID2~6이 각1행이며 모든 request_id=accepted_id. 전부 AUTO3300mV·범위3000~3600·결과1. 최종 D00024=D00029=6/D00053=0/D00100=10/D00022=0/D00310=0/D01200=0/D01220=0/M02100=0. | I14: P06_01_continuous.mp4 | J14: 합격
A15: RUN20261017-01-P07-A01 | B15: P07 | C15: 1 | D15: BL-001 | E15: 46314.655 | F15: 46314.67 | G15: 상태30에서 공정 STOP 후 상태900·알람2·공정 출력OFF·누계0 유지 확인. STOP 해제 후20초 이상 자동 재개 없음. ACK 후 부저만OFF되고 상태900·알람2 유지. M02003 모델 정리 명령의 ON→OFF 조작과 이후에도 알람이 유지되는 것 확인. RESET 후 상태10·알람0으로 복구되고 환경 허가ON인 구간에서34초 이상 무기동 확인. 과거 이력에 알람2 발생·확인·해제 기록 보존 확인. STOP·ACK·모델 정리 명령·RESET·복구 후 무기동·알람 이력 보존은 확인. STOP 직후 D01200 잔류값은 직접 확인하지 못했으며, 시험자가 추가 검증을 생략하고 이 미검증 사항을 수용. P07은 해당 항목을 제외한 확인 범위에서 합격으로 판정. | H15: TOTAL/PASS/FAIL/RETEST 모두0→0. 검사 수락 전 중단으로 P07 CSV 미생성, 수락 기록0건. STOP 후 및 최종 D00024=D00029=0. LabVIEW는 PLC 알람 또는 운전 불가로 오류5003 종료. 최종 D00020~29=0/D00053=0/D00100=10/D00310=0/D01200=0/D01220=0/M02100=0 확인. | I15: P07_00_stop_recovery.mp4 | J15: 합격 | K15: ISS-P07-01, ISS-P07-02
A16: RUN20261017-01-P08-A01 | B16: P08 | C16: 1 | D16: BL-001 | E16: 46314.683 | F16: 46314.703 | G16: A(16:23:00~16:37:02): 상태30 비상정지 후 안전OFF·상태0·알람1·출력OFF 및 모델10 잔류 확인. 복귀입력1을 유지한 채 비상정지를 해제해도 재허가되지 않고 새0→1 동작 후 허가만 복귀함. B(16:42:38~16:46:20): 상태30 문 열림으로 안전 차단, 문만 닫아도 허가OFF 유지, 새 안전 복귀 후 허가ON 확인. C(16:47:35~16:52:14): 빈 장치에서 모사 고장으로 안전 차단, 고장 해제만으로 재허가되지 않음 확인. 세 경우 모두 안전 복귀 후 상태0·알람1이 유지되고 공정RESET 후10·알람0으로 복구됨. 복구 후 무기동 관측은 A21초 이상/B44초 이상/C약14.7초. 환경 문제는 안전 기능 판정에서 제외. | H16: 각 소시험 TOTAL/PASS/FAIL/RETEST 모두0→0. A 모델10 잔류 및 최종0 확인. B 모델 사진은0 표시 참고자료이며 잔류10의 근거로 사용하지 않음. C는 모델0 유지·제품 START 없음. P08 CSV 미생성·검사 수락0건. A/B/C LabVIEW 오류5003과 ACTIVE_ID0·ACTIVE_RESULT0·레코드 빈칸 확인. A/B 최종 D01200=0/D01220=0/M02100=0. C 최종 상태10·알람0·출력OFF·누계0. | I16: P08_A_held_reset.mp4 | J16: 합격
A17: RUN20261017-01-P09-A01 | B17: P09 | C17: 1 | D17: BL-001 | E17: 46315.681 | F17: 46315.694 | G17: M02010=1로 상태30 보류 중 센서 중계만 정지. 환경 허가OFF 및 M02100 해제를 확인하고 M02010=0으로 복원하자 현재 제품이 PASS 검사·배출을 정상 완료함. 환경OFF에서 CIMON START 버튼 조작 후에도 상태10·누계 유지. 센서 중계 재시작 및 정상5회 복귀 후 환경 허가ON, 새 START 없이20초 이상 무기동 확인. D00200=600 유지. T0001 적산 현재값은 미확보. 시각은 증거 확보 범위 기준. | H17: TOTAL 0→1/PASS 0→1/FAIL0/RETEST0. 요청ID D00024·수락ID D00029 모두0→1. CSV 헤더1행+데이터1행·9필드, AUTO3300mV·범위3000~3600·결과1. 검사 캡처16:33:04/수락16:33:06 KST. START 차단 후와 환경 복귀 후 추가 기록 없음. 마지막 확인값 D00022=0/D00100=10/D00310=0/D01200=0/D01220=1/M02100=0/M02010=0. | I17: P09_01_env_off.mp4 | J17: 합격
A18: RUN20261017-01-P10-A01 | B18: P10 | C18: 1 | D18: BL-001 | E18: 46315.724 | F18: 46315.731 | G18: M02010=1·연속 선택1에서 상태30·검사 위치감지0·제품 모델10 유지. 영상 약19초 상태30 진입 후 약79초 상태900으로 전환되어 약60초 타임아웃 확인. D00200=600 유지, T0001 현재값472→591 증가 장면 확보. 알람101 후 공정 구동 명령6개OFF·연속 기억0·모델10 잔류 확인. 원인 제거 후에도 모델10·상태900 유지. 모델 정리 버튼 조작 후 알람101 유지. 정리 후 D01200=0은 시험자 직접 확인이며 사진·영상 숫자 증거는 미확보. 공정RESET 후 상태10·알람0, 20.7초 이상 무기동 확인. 시각은 증거 확보 범위 기준. | H18: TOTAL/PASS/FAIL/RETEST 모두0→0. 요청ID D00024·수락ID D00029 모두0 유지, 검사 요청 D00022=0. P10 CSV 미생성·검사 수락0건. LabVIEW는 PLC 이상 감지로 오류5003 종료, ACTIVE_ID0·ACTIVE_RESULT0·레코드 공백. 복구 후 상태10·알람0·공정 명령OFF·누계0. 마지막 실제 D01220 확인값1이며 단발0 복원값은 미캡처. | I18: P10_01_timeout101.mp4 | J18: 합격
A19: RUN20261017-01-P11-A01 | B19: P11 | C19: 1 | D19: BL-001 | E19: 46315.741 | F19: 46315.752 | G19: M02011=1에서 상태50·닫힘 명령 M01102=1·닫힘 감지 M01008=0·제품 모델20 유지. D00201=600 설정에서 영상 약12초 상태50 진입→약72.5초 상태900 전환으로 약60초 타임아웃 및 알람102 확인. 연속 운전 기억1→0·공정 구동 명령6개OFF 확인. 원인 제거 후 모델20·상태900·알람102 유지. 모델 정리 후 D01200=0 숫자와 검사 위치감지OFF를 확인했으며 알람102는 유지됨. 공정RESET 후 상태10·알람0, 새 START 없이35초 이상 무기동. 타이머 사진은 현재값0으로 설정 확인용이며 경과시간은 영상 기준. 시각은 증거 확보 범위 기준. | H19: TOTAL/PASS/FAIL/RETEST 모두0→0. 요청ID D00024·수락ID D00029 모두0 유지, 검사 요청 D00022=0. P11 CSV 미생성·검사 수락0건. LabVIEW는 PLC 이상 감지로 오류5003 종료, ACTIVE_ID0·ACTIVE_RESULT0·레코드 공백. 최종 상태10·알람0·모델0·단발 선택 D01220=0·연속 기억 M02100=0·고장 입력0·공정 명령OFF 확인. | I19: P11_01_timeout102.mp4 | J19: 합격
A20: RUN20261017-01-P12-A01 | B20: P12 | C20: 1 | D20: BL-001 | E20: 46315.822 | F20: 46315.832 | G20: M02012=1에서 정상 검사 PASS 수락 후 상태70·닫힘 명령 M01102=0·닫힘 감지 M01008=1·제품 모델20 유지. D00203=600 설정에서 영상 약17초 상태70→약77초 상태900·알람105로 약60초 열림 타임아웃 확인. 공정 구동 명령6개OFF·연속 운전 기억 M02100=0 확인. 고장 입력 해제만으로 상태900·알람105·모델20 유지. 모델 정리 후 모델0·검사 위치/닫힘 감지OFF, 알람105 유지. 공정RESET 후 상태10·알람0 및 START 없이24초 이상 정지 관측; 해당 관측에는 환경 허가OFF 구간이 포함됨. 반복 실행·촬영 자료를 함께 보존함. 시각은 증거 확보 범위 기준. | H20: TOTAL/PASS/FAIL/RETEST 모두0→0으로 배출 완료 생산량 증가 없음. 최종 요청ID D00024=3·수락ID D00029=3은 영상에서 확인. CSV는 헤더 제외2행(ID1·3), 모두 AUTO·3300mV·기준3000~3600mV·PASS1·요청ID=수락ID. KST 수락시각은 ID1 19:46:01, ID3 19:49:46. LabVIEW는 PLC 고장 감지로 오류5003 종료. 알람 시 D00102=0 초기화는 정상 동작. 최종 모델0·단발 선택 D01220=0·연속 기억0·고장 입력0·공정 명령OFF 확인. | I20: P12_01_timeout105.mp4 | J20: 합격
A21: RUN20261017-01-P13-A01 | B21: P13 | C21: 1 | D21: BL-001 | E21: 46315.85 | F21: 46315.857 | G21: M02013=1에서 상태81·수락 결과PASS·PASS 게이트 명령ON/도달OFF·클램프 열림·제품 모델20 확인. D00204=600의100ms 기준60초 설정을 유지함. 영상 약26초 상태81 진입 후 약86초에 PASS 게이트 명령과 모사RUN이OFF되어 약60초 후 명령 차단 확인. 알람 전환 순간은 XG5000 창에 가려졌으며 약120초 화면에서 상태900·알람106을 확인함. 고장 입력 해제만으로 상태900·알람106·모델20 유지. 모델 정리 후 모델0이나 알람106 유지, 별도 공정RESET 후 상태10·알람0으로 복구. 연속 선택1 상태에서64초 이상 무기동을 관측했으며 해당 구간은 환경 허가OFF 조건임. 타이머 사진은 현재값0으로 설정 확인용. 시각은 자료 확보 범위 기준. | H21: TOTAL/PASS/FAIL/RETEST 모두0→0. 요청ID D00024·수락ID D00029 모두0→1이며 최종1/1 보존. CSV는 헤더 제외1행·9필드, ID1·AUTO·3300mV·기준3000~3600mV·PASS1·수락ID1. 캡처 KST20:26:53·수락20:26:55. 검사 수락 후 배출 완료 전 중단되어 생산 수량 증가0이 정상. 알람 후 D00102=0 초기화, LabVIEW 오류5003·ACTIVE_ID1·ACTIVE_RESULT1 확인. 최종 상태10·알람0·모델0·D01220=0·M02013=0·M02100=0 확인. 구동 명령OFF는 CIMON 표시와 영상의 PASS 원시명령으로 확인했으며6개 원시출력 전체를 동시에 확보한 화면은 없음. | I21: P13_01_timeout106.mp4 | J21: 합격
A22: RUN20261017-01-P14-A01 | B22: P14 | C22: 1 | D22: BL-001 | E22: 46315.883 | F22: 46315.89 | G22: M02014 배출 미도달 고장 조건에서 상태90·제품 모델30·컨베이어 명령ON·배출 감지OFF·PASS 게이트 명령/도달ON 확인. D00205=600의100ms 기준60초 설정 유지. T0006 현재값51·설정600 사진 확보. 영상 약77초 상태90→약138초 상태900·알람107로 전환되어 HMI 표시 기준 약61초 관측. 알람 후 원시 구동 명령 M01100~M01105 모두0·M02100=0·검사 요청0 확인. 모델30과 PASS 도달 신호는 잔류함. 고장 입력 해제만으로 복구되지 않으며 모델 정리 후 모델0·PASS 도달OFF이나 알람107 유지. 별도 공정RESET 후 상태10·알람0으로 복구하고, 운전조건 정상·연속 선택1 상태에서24초 이상 무기동 확인. 시각은 자료 확보 범위 기준. | H22: TOTAL/PASS/FAIL/RETEST 모두0→0. 요청ID D00024·수락ID D00029 모두0→1이며 최종1/1 보존. CSV는 헤더 제외1행·9필드, ID1·AUTO·3300mV·기준3000~3600mV·PASS1·수락ID1. 캡처 KST21:14:28·수락21:14:30. 검사 수락 후 배출 완료 전 중단되어 생산 수량 증가0이 정상. 알람 후 D00102=0 초기화, LabVIEW 오류5003·ACTIVE_ID1·ACTIVE_RESULT1 확인. 최종 상태10·알람0·모델0·D01220=0·M02014=0·M02100=0·구동 명령6개OFF 확인. P14_01_wait_ls1은 상태10·ID0을 표시하여 상태90 증거에서 제외하고 참고자료로 보존함. | I22: P14_01_timeout107.mp4 | J22: 합격
A23: RUN20261017-01-P15-A01 | B23: P15 | C23: 1 | D23: BL-001 | E23: 46316.545 | F23: 46316.55 | G23: M02015=1에서 상태100·수락 결과PASS·게이트 명령OFF/PASS 도달ON·배출 감지ON·제품 모델40 유지 확인. D00207=600의100ms 기준60초 설정을 유지하고 T0008 현재값52 사진 확보. 영상 약27초 상태100→약87초 상태900·알람109 전환으로 약60초 관측. 원시 구동 명령 M01100~M01105 모두0·M02100=0·검사 요청0 확인. 고장 입력 해제만으로 상태900·알람109·모델40·배출/PASS 도달ON 유지. 모델 정리 후 모델0·배출/PASS 도달OFF이나 알람109 유지, 별도 공정RESET 후 상태10·알람0으로 복구. 운전조건4개ON·연속 선택1에서28초 이상 새 START 없이 정지 확인. 시각은 자료 확보 범위 기준. | H23: TOTAL/PASS/FAIL/RETEST 모두0→0. 요청ID D00024·수락ID D00029 모두0→1이며 최종1/1 보존. CSV는 헤더 제외1행·9필드, ID1·AUTO·3300mV·기준3000~3600mV·PASS1·수락ID1. 캡처 KST13:05:34·수락13:05:35. 검사 수락 후 Home 복귀를 완료하지 못해 생산 수량 증가0이 정상. 알람 후 D00102=0 초기화, LabVIEW 오류5003·ACTIVE_ID1·ACTIVE_RESULT1 확인. 최종 상태10·알람0·모델0·D01220=0·M02015=0·M02100=0·표시 공정 명령OFF 확인. 원시 M0006A 직접값은 사진에서 확보하지 않았으며 M0060 행을 해당 주소의 근거로 사용하지 않음. | I23: P15_01_timeout109.mp4 | J23: 합격
A24: RUN20261017-01-P17-A02 | B24: P17 | C24: 2 | D24: BL-001 | E24: 46316.616 | F24: 46316.621 | G24: ATE 정지 상태에서 검사 대기60 후 알람103·상태900 전환, 검사 요청0·M01100~M01105=0·M02100=0 확인. 모델 정리로 모델0이 되어도 알람103 유지, 별도 RESET 후10/0 복구. 연속 선택1에서 영상 기준38초 이상 새 START 없이 대기. 촬영을 위해 선행 시도 뒤 LS STOP 후 RUN하여 재실행함. 대기 중 LS 시간 수동 진행 조작은 시험자 확인이며 조작 주소·값은 미기록. D00202=1200 설정은 사진으로 확인. 타이머 시간을 수동 진행한 고장 처리 기능시험 합격. 시각은 두 번째 실행의 자료 확보 범위이며 실제 START·종료 조작 시각이 아님. | H24: 두 번째 실행 요청ID1·수락ID0, TOTAL/PASS/FAIL/RETEST 모두0 유지. D00020/D00021/D00025=0, 수락 증가0건. P17_01_no_response.csv 및 P17_02_recovery.csv는 현재 미생성. 선행 시도와 재RUN 후의 같은 ID1을 동일 요청으로 합치지 않음. 최종 모델0·단발0·상태10·알람0 확인. 별도 최종 사진에서 ATE_READY/PLC_LIVE_OK ON·ACTIVE_ID0·레코드 공백 확인. ATE 재실행 이후의 무기동 지속시간은 별도 측정하지 않음. | I24: P17_01_timeout103.mp4 | J24: 합격
A25: RUN20261017-01-P16-A01 | B25: P16 | C25: 1 | D25: BL-001 | E25: 46316.669 | F25: 46316.674 | G25: 선행 연속 운전 중 M02100=1 확인. 정상 정지 후 D01220=1 선택 상태에서 LS STOP 후 RUN. 재RUN 직후 D01220=0·M02100=0·모델0·안전 보조신호OFF·상태0·알람1·요청/수락ID0/0·생산 누계0 확인. 복구 후 영상 약130.1~165.9초에 상태10·알람0·운전조건4개ON·누계0 상태로35.8초간 새 START 없이 대기. 별도 사진에서 ATE_READY/PLC_LIVE_OK ON 확인. 새 START1회 후 정상 PASS1제품 완료·단발 대기 확인. 시각은 자료 확보 범위 기준. | H25: 재RUN 전 TOTAL/PASS/FAIL/RETEST는0/0/0/0에서9/9/0/0, 최종 요청/수락ID9/9. 재RUN 직후 누계0·요청/수락ID0/0, 이후 새 START로1/1/0/0·ID1/1. 이전 CSV9행(ID1~9), 새 CSV1행(ID1)을 분리 보존하며 서로 다른 RUN의 ID1을 동일 제품으로 합치지 않음. 재RUN 직전 M02100은 단발 정상 종료로 이미0이었으므로 활성 기억1을 재RUN이 직접 해제한 시험으로 기록하지 않음. CSV2개는 시험 후 csv 폴더로 이동했으며 실제 보관 경로로 등록함. 최종 상태10·알람0·모델0·D01220=0·M02100=0 확인. | I25: P16_01_restart.mp4 | J25: 합격
A26: RUN20261017-01-AE08-A01 | B26: AE08 | C26: 1 | D26: BL-001 | E26: 46316.817 | F26: 46316.824 | G26: ESP 전원 상실 시험에서 센서 중계108·RUN0·발행 미갱신4.0초 확인. 원시 VALID1·STATUS0·온습도 캐시가 남아도 표시 유효와 FX M100·LS M0100C가OFF로 차단됨. 허가OFF에서 START 조작 후 상태10·알람0·모델0·요청/수락ID0/0·생산 누계0 유지. BOOT80에서81로 바뀐 뒤 센서 중계 수동 재시작과 새 BOOT의 ACK 수신 확인. 복구 중 환경107·센서104/114 관측 후 최종 두 중계RUN·오류0·정상 샘플 복귀5/5·허가ON 확인. 영상 약390.1~415.1초 정상 조건에서 최소25초 무기동 후 새 START로 PASS1개 완료. 시각은 자료 확보 범위 기준. | H26: TOTAL/PASS/FAIL/RETEST는0/0/0/0 유지 후 새 START로1/1/0/0. 요청/수락ID0/0에서1/1, CSV는9열·데이터1행·AUTO3300mV·기준3000~3600·PASS1·수락ID1. BOOT80/마지막 원시SEQ113에서BOOT81/SEQ22→42로 전환, ACK_BOOT81·ACK_SEQ21→40·ACK횟수2→16 확인. MCU Monitor 로그는 미수집이며 CIMON의 BOOT/SEQ/ACK 및 영상으로 재부팅·재접속 기능을 확인함. 정확한 전원 조작시각·감지지연·재부팅 원인 상세·재접속 IP를 직접 측정한 것으로 기록하지 않음. ATE_READY는 별도 사진에서 확인. 최종 상태10·알람0·모델0·단발0·환경 허가ON. | I26: AE08_01_power_loss_recovery.mp4 | J26: 합격
A27: RUN20261017-01-AE09-A01 | B27: AE09 | C27: 1 | D27: BL-001 | E27: 46316.853 | F27: 46316.86 | G27: GX CPU STOP에 따른 FX 자료 갱신 상실 시험. 환경107/센서113과 중계 정지 확인. LS D00401=32767, M00405=0, M0100C=0으로 차단되고 START 조작에도 상태10/알람0/누계0 유지. 수동 복구 후 두 중계RUN1/오류0, 정상 복귀5/5, FX/LS 허가ON. 영상270.1~315.1초 최소45초 무기동 후 325.1초 새 START, 333.1초 PASS1건 완료. FX 갱신 상실 감지/기동 차단/수동 복구 기능 범위로 합격. | H27: TOTAL/PASS/FAIL/RETEST는0/0/0/0 유지 후 새 START로1/1/0/0. 요청/수락ID0/0에서1/1. CSV 데이터1행, AUTO3300mV, 기준3000~3600, PASS1, 수락ID1. 캡처/수락KST20:37:12/20:37:14. ESP BOOT82 유지, 원시SEQ370에서451과533으로 증가. 최종 상태10/알람0/모델0/단발0. 실제 고장 주입은CPU STOP이며 프로세스 종료와OPC 연결 자체 단절은 미확인. 시각은 자료 확보 범위 기준. | I27: AE09_01_fx_loss_recovery.mp4 | J27: 합격
... A30: RUN20261017-01-AE12-A01 | B30: AE12 | C30: 1 | D30: BL-001 | E30: 46317.043 | F30: 46317.049 | G30: 상태10/알람0/201PASS 대기에서 LabVIEW 사용자 정지/code0 확인. 센서 중계RUN0 뒤 환경 중계RUN1 상태에서 FX/LS허가표시OFF 및 FX M100=0 확인. 환경 중계도RUN0/오류0/무효수신32767 확인 후 CimonX 정상 종료. 종료 메모01:05:32~01:05:40/8초, 영상에서 종료 메뉴와 창 소멸 확인. 응답 없음과 강제 종료 없음. | H30: AE11 수량201/201/0/0와 마지막ID201 및 CSV 보존, AE12 추가 검사 없음. LS 작은 사진은 실제 M01100=0이며 M0100C 직접 캡처가 아님. LS환경허가OFF는 자료 정상인 환경 화면 근거. 시각은 자료 확보 범위. | I30: AE12_01_normal_shutdown.mp4 | J30: 합격

Sheet 기준설정
A2: 시험 구성 기준선
A3: 기준값은 과거 확인·설계 기준입니다. 노란색에 이번 실제값과 증거를 입력합니다.
A5: 항목ID | B5: 구분 | C5: 기준값·확인 근거 | D5: 이번 실제값·파일/경로 | E5: 증거ID | F5: 확인할 내용
A6: BL01 | B6: 실행 식별 | C6: 기준선 BL-001 / 실행 RUN-YYYYMMDD-01 | D6: 기준선 BL-001 / 실행 RUN-20261017-01 | E6: EV_BL001_01 | F6: 직접 정한 실제 실행 ID와 수행자·KST 시각
A7: BL02 | B7: LS 저장본 | C7: 현재 성공한 XG5000 프로젝트 / SIM_IO → MAIN / 각각 END | D7: "06_TEST\01_PLAN\BASELINE_BL-001\SEMICON_SORTER\SEMICON_SORTER.xgwx" | E7: EV_BL001_02 | F7: 실제 파일명·저장 경로·프로그램 순서 캡처
A8: BL03 | B8: FX 저장본 | C8: 현재 성공한 GXW / FX M0=0 | D8: "06_TEST\01_PLAN\BASELINE_BL-001\SEMICON_SORTER_ENV\SEMICON_SORTER_ENV.gxw" | E8: EV_BL001_03 | F8: 실제 GXW 파일명·RUN·M0 캡처
A9: BL04 | B9: CIMON 저장본 | C9: CIMON 3.91 / 현재 DB·스크립트·페이지 전체 | D9: "06_TEST\01_PLAN\BASELINE_BL-001\SEMICON_SORTER_HMI\SEMICON_SORTER_HMI.prj" | E9: EV_BL001_04 | F9: 실제 프로젝트 경로 / ESP·FXTEL·ENVIRONMENT 등 그룹명을 유지
A10: BL05 | B10: 센서 중계 | C10: 현재 CIMON 센서 중계 성공본 SensorFxBridgeLoop / SensorFxBridgeStart / SensorPackedCheck | D10: "06_TEST\01_PLAN\BASELINE_BL-001\SEMICON_SORTER_HMI\SEMICON_SORTER_HMI.scx" | E10: EV_BL001_05 | F10: 현재 Start·Check·Loop 내보내기 및 실제 태그 경로
A11: BL06 | B11: MX OPC | C11: 현재 성공한 실제 폴링500ms / Deadband0 | D11: "06_TEST\01_PLAN\BASELINE_BL-001\SEMICON_SORTER_ENV\MXOPC\MXConfigurator.mdb" | E11: EV_BL001_06 | F11: 구성 파일 저장·실제 Poll Method 캡처
A12: BL07 | B12: CIMON FX 그룹 | C12: 현재 성공한 갱신500ms | D12: "06_TEST\01_PLAN\BASELINE_BL-001\SEMICON_SORTER_HMI\FX-OPC.dvx" | E12: EV_BL001_07 | F12: I/O 디바이스 FX-OPC SIM 실제 설정 캡처
A13: BL08 | B13: 다른 통신 주기 | C13: LS·ESP·ATE는 현재 성공 설정 | D13: "06_TEST\01_PLAN\BASELINE_BL-001\SEMICON_SORTER_HMI\" FX-OPC.dvx, ESP.dvx, LABVIEW.dvx, LS XGB ENET.dvx | E13: EV_BL001_08 | F13: 각 실제 주기 / IP / 포트 / 드라이버 기록. 일괄 변경하지 않음
A14: BL09 | B14: ATE 저장본 | C14: 최종 VirtualATE VI와 필요 하위 VI | D14: "06_TEST\01_PLAN\BASELINE_BL-001\SEMICON_SORTER_ATE\SEMICON_SORTER_ATE.lvproj" | E14: EV_BL001_09 | F14: 실제 VI명 / 버전 / 하위VI / 로그 경로 보관
A15: BL10 | B15: ATE 통신 | C15: CIMON 서버1502 / Unit1 / FC03 offset0 count14 | D15: CIMON 서버1502 / Unit1 / FC03 offset0 count14 | E15: EV_BL001_10 | F15: 현재 서버·클라이언트 설정 캡처
A16: BL11 | B16: ATE 응답 | C16: FC16 offset3 count2 → PLC echo → FC06 offset5 DONE=1 | D16: FC16 offset3 count2 → PLC echo → FC06 offset5 DONE=1 | E16: EV_BL001_11 | F16: 결과·응답ID와 DONE을 구분한 현 블록다이어그램 보관
... A31: BL26 | B31: PC 실행 환경 | C31: 노트북 / 유·무선 연결 / 운영체제 / 프로그램 버전 | D31: 노트북 / 무선 연결 / 윈도우11 26H2 / XG5000 4.78 / LabVIEW 2026 Q1 32Bit / CIMON 3.91.10 / GXWorks2 1.620W / MX OPC SERVER 6.10 / ESP-IDF 6.0.1 | E31: EV_BL001_26 | F31: 실제 값만 기록. 부하·Wi-Fi를 오류 원인으로 단정하지 않음

Sheet 증거목록
A2: 시험 증거 목록
A3: 한 실행에 여러 증거를 등록할 수 있습니다. 경로는 SIM_FINAL_R1 폴더 기준으로 씁니다.
A5: 증거ID | B5: 실행ID | C5: 유형 | D5: 파일 상대경로 | E5: 실제 확보시각 KST | F5: 내용·확인값
A6: P01_01_initial.png | B6: RUN20261017-01-P01-A01 | C6: 사진 | D6: 06_TEST\04_EVIDENCE\RUN-20261017-01\screens\P01_01_initial.png | E6: 46312.613 | F6: 안전 허가 OFF, 제품 모델 D01200=0, 단발 설정 D01220=0
A7: P01_02_safety_rearmed | B7: RUN20261017-01-P01-A01 | C7: 사진 | D7: 06_TEST\04_EVIDENCE\RUN-20261017-01\screens\P01_02_safety_rearmed.png | E7: 46312.621 | F7: 공정 상태 D00100=0, 알람 D00310=1 유지
A8: P01_03_reset_ready_01 | B8: RUN20261017-01-P01-A01 | C8: 사진 | D8: 06_TEST\04_EVIDENCE\RUN-20261017-01\screens\P01_03_reset_ready_01.png | E8: 46312.624 | F8: RESET 후 공정 상태 10, 알람 0
A9: P01_03_reset_ready_02 | B9: RUN20261017-01-P01-A01 | C9: 사진 | D9: 06_TEST\04_EVIDENCE\RUN-20261017-01\screens\P01_03_reset_ready_02.png | E9: 46312.624 | F9: 제품 모델 D01200=0
A10: P01_04_ate_ready | B10: RUN20261017-01-P01-A01 | C10: 사진 | D10: 06_TEST\04_EVIDENCE\RUN-20261017-01\screens\P01_04_ate_ready.png | E10: 46312.625 | F10: ATE_STATE=60, ATE_READY=True, PLC_LIVE_OK=True
A11: AE01_01_esp_monitor.png | B11: RUN20261017-01-AE01-A01 | C11: 사진 | D11: 06_TEST\04_EVIDENCE\RUN-20261017-01\screens\AE01_01_esp_monitor.png | E11: 46312.643 | F11: ESP BOOT52/SEQ5~9, 온도24.6°C/습도51.4~51.5%RH, valid1/status0/age0인 서로 다른 정상 샘플5개.
A12: AE01_02_sensor_T1.png | B12: RUN20261017-01-AE01-A01 | C12: 사진 | D12: 06_TEST\04_EVIDENCE\RUN-20261017-01\screens\AE01_02_sensor_T1.png | E12: 46312.645 | F12: CIMON 센서중계 실행ON/오류0; BOOT52/SEQ64/TEMP2480/RH5110/VALID1/STATUS0; TX1473/PREP1473/ACK1472/이번실행ACK12.
A13: AE01_03_sensor_T2.png | B13: RUN20261017-01-AE01-A01 | C13: 사진 | D13: 06_TEST\04_EVIDENCE\RUN-20261017-01\screens\AE01_03_sensor_T2.png | E13: 46312.645 | F13: CIMON 센서중계 실행ON/오류0; BOOT52/SEQ96/TEMP2480/RH5080/VALID1/STATUS0; TX1499/PREP1499/ACK1498/이번실행ACK38. T1 대비SEQ·ACK 증가.
A14: AE01_04_environment.png | B14: RUN20261017-01-AE01-A01 | C14: 사진 | D14: 06_TEST\04_EVIDENCE\RUN-20261017-01\screens\AE01_04_environment.png | E14: 46312.645 | F14: 온도24.80°C/습도50.90%RH; FX·LS 환경허가ON; 환경중계 실행ON/오류0; 정상복귀5/5. 당시 공정 시작준비OFF인 준비 중 화면.
A15: AE01_05_fx_01.png | B15: RUN20261017-01-AE01-A01 | C15: 사진 | D15: 06_TEST\04_EVIDENCE\RUN-20261017-01\screens\AE01_05_fx_01.png | E15: 46312.646 | F15: 보완 전 GX 실시간 모니터 M0=0/M100=0. 최종 정상 상태는 이후 시험자 추가 확인으로 구분.
A16: AE01_05_fx_02.png | B16: RUN20261017-01-AE01-A01 | C16: 사진 | D16: 06_TEST\04_EVIDENCE\RUN-20261017-01\screens\AE01_05_fx_02.png | E16: 46312.646 | F16: 보완 전 GX D3=0/D4=0/D7=32000/D32=0/D33=215/D34=1.
A17: AE01_06_ls_T1_01.png | B17: RUN20261017-01-AE01-A01 | C17: 사진 | D17: 06_TEST\04_EVIDENCE\RUN-20261017-01\screens\AE01_06_ls_T1_01.png | E17: 46312.649 | F17: 안전복귀·RESET 전 LS T1: M01000=0/M01007=1/M0100C=1; D00100=0/D00310=1/D00022=0/D00030=742; TOTAL0.
... A393: AE12_01_normal_shutdown.mp4 | B393: RUN20261017-01-AE12-A01 | C393: 영상 | D393: 06_TEST\04_EVIDENCE\RUN-20261017-01\video\AE12_01_normal_shutdown.mp4 | E393: 46317.047 | F393: 전체294.233초. VI 사용자 정지/code0 뒤 센서 중계OFF, 환경 허가OFF와 FX M100=0, 이후 환경 중계OFF 확인. 약153초 종료 메뉴/154초 확인창,161초 CimonX 창 소멸. 응답 없음/강제 종료 관측 없음.

Sheet 문제재시험
A2: 문제와 재시험
A3: 문제의 종료 상태와 시험 합격은 구분합니다. 원인을 모르면 미확정으로 기록합니다.
A5: 문제ID | B5: 최초실행ID | C5: 기대 동작 | D5: 실제 현상 | E5: 오류 출처·번호 | F5: 원인·확인 근거 | G5: 수정 내용·기준선 | H5: 재시험 실행ID | I5: 상태 | J5: 종료 증거ID | K5: 남은 영향·비고
A6: ISS-P05-01 | B6: RUN20261017-01-P05-A01 | C6: Manual D00053=1에서 START를 눌러도 새 공정·검사 요청이 생성되지 않고 요청·수락ID가 유지되어야 함. | D6: 초기 요청·수락ID3, Manual 시험 이후4 확인. 사용자 확인상 Manual START 후 증가. 관측 화면에서는 상태10·누계3/1/1/1 유지. CSV에는 ID1~3만 존재. | E6: P05 검토 불일치 / 별도 오류번호 없음 | F6: 시험 준비 중 Auto START 오조작 및 수동 복원 | G6: 미수정 / BL-001 유지 | I6: 종료 | K6: Manual START 직전·직후의 D00053/D00100/D00022/D00024/D00029를 같은 영상으로 비교하는 재시험 필요. 기존 A01 증거 보존.
A7: ISS-P07-01 | B7: RUN20261017-01-P07-A01 | C7: 상태30 STOP 후 중단 제품 모델이 남아 있고 M02003 모델 정리 후에만0이 되어야 함. | D7: 모델 정리 명령 조작과 이후 모델0은 확인됐으나 STOP 직후·정리 직전 모델값은 확인되지 않음. | E7: 시험 증거 미확인 / PLC 결함 여부 미확정 | F7: 모델 사진은 모두0이며 영상에도 정리 직전 D01200 값이 노출되지 않음. 지시 동작 이후 사진을 캡쳐하여 잔류값은 미확인. | G7: 코드 변경 없음 / BL-001 유지. STOP 직후와 모델 정리 후의 D01200을 보완 확인. | I7: 종료 | K7: STOP·ACK·RESET·알람 이력 보존은 확인 완료. 전체 재시험 대신 모델 잔류와 정리 구간만 보완.
A8: ISS-P07-02 | B8: RUN20261017-01-P07-A01 | C8: 환경 중계가 정상 실행 중 생존 카운터 갱신을 확인하고 허가 상태를 유지해야 함. | D8: 영상 중 환경 중계107·108 발생 및 재시작 관측. 허가가 일시 복구됐다가 다시OFF인 구간이 있음. | E8: 환경 중계107·108 | F8: 표시 메시지는 FX D100 카운터3초 미갱신 및 시작 후5초 안에 두 PLC 카운터 변화 미확인. 시험자 보고상 GX Works2 시뮬레이션을 OFF→ON하면 통신이 복구. 체험판·구버전 환경에 기인한 것으로 추정하나 근본 원인은 미확정. 재시작을 운영상 복구 방법으로 사용. | G8: 환경·센서 중계 재시작 장면 확인. 코드 변경 없음 / BL-001. | I8: 제외 | K8: P07 STOP 동작과 별도 통신 문제로 추적. 정상 지속운전 시험 전에 재발 조건과 원인 확인 필요.

Sheet 도면마감
A2: 도면별 최종 대조
A3: R/P는 내용 참조입니다. 실제 사용 중인002_... 번호·파일을 입력합니다.
A5: 참조ID | B5: 도면명 | C5: 실제 도면번호 | D5: 파일명·개정 | E5: 핵심 대조 항목 | F5: 연관 시험ID | G5: 실제 근거·증거ID | H5: 검토 상태 | I5: 검토일
A6: 001 | B6: DRAWING INDEX AND DOCUMENT BASIS | C6: 001 | D6: 001_DRAWING_INDEX_AND_DOCUMENT_BASIS.dwg / R0 | E6: 현재 기능17장과 실물 확장 개념5장, 합계22장을 실제 최종 파일 목록과 맞춘다. 통합·삭제한 구도면을 현행 목록에 중복 포함하지 않는다. 도면번호·제목·개정·페이지·발행상태·파일명을 일치시킨다. R/P는 관리용ID이며 기존002 형식으로 바꿨다면 대응표를 둔다. LS·FX는 시뮬레이터, 이송·클램프·분류는 모델, LabVIEW는 가상 검사, ESP 온습도는 실제 시제품이라는 구현 범위를 첫 페이지에 명시한다. 실물 PLC/컨베이어 결선·안전 성능·실제 반도체 검사·실물 패널 제작은 미검증/범위외라고 적는다. 전 도면을 제작승인본으로 묶지 않는다. | F6: P01, AE01, AE11, AE12 | G6: 02_PDF/02_FINAL/001_DRAWING_INDEX_AND_DOCUMENT_BASIS-DRAWING INDEX AND DOCUMENT BASIS.pdf / P01 RUN20261017-01-P01-A01 → P01_01_initial.png; AE01 RUN20261017-01-AE01-A01 → AE01_01_esp_monitor.png; AE11 RUN20261017-01-AE11-A01 → AE11_01_continuous_run.mp4; AE12 RUN20261017-01-AE12-A01 → AE12_01_normal_shutdown.mp4 | H6: 대조완료 | I6: 46317
A7: 002 | B7: SYSTEM ROLES AND PROCESS SCOPE | C7: 002 | D7: 002_SYSTEM_ROLES_AND_PROCESS_SCOPE.dwg / R0 | E7: 주제는 반도체 후공정의 검사·분류 동작 모사이며, 실제 반도체 테스터/양산장비를 구현했다고 표현하지 않는다. LS=주공정·계수, FX=환경판정, CIMON=화면·중계, LabVIEW=가상ATE·검사수락CSV, ESP=센서 수집으로 현재 역할을 맞춘다. PASS/FAIL/RETEST3분류, RETEST의 자동 재투입/재검사 미구현, 외부 실제 로봇·컨베이어 미연결을 확인한다. 단발/연속은 같은 자동시퀀스의 반복 방식이고, PLC Manual은 개별 Jog 기능을 구현한 상태가 아님을 맞춘다. | F7: P02, P03, P04, P05, P06, AE02 | G7: 02_PDF/02_FINAL/002_SYSTEM_ROLES_AND_PROCESS_SCOPE-SYSTEM ROLES AND PROCESS SCOPE.pdf / P02 RUN20261017-01-P02-A01 → P02_01_cycle.mp4; P03 RUN20261017-01-P03-A01 → P03_01_cycle.mp4; P04 RUN20261017-01-P04-A01 → P04_01_cycle.mp4; P05 RUN20261017-01-P05-A01 → P05_06_mode_count_reset.mp4; P06 RUN20261017-01-P06-A01 → P06_01_continuous.mp4; AE02 RUN20261017-01-AE02-A01 → AE02_03_ate.csv | H7: 대조완료 | I7: 46317
A8: 003 | B8: CURRENT COMMUNICATION NETWORK | C8: 003 | D8: 003_CURRENT_COMMUNICATION_NETWORK.dwg / R0 | E8: ESP Modbus TCP502/Unit1/FC04, LabVIEW↔CIMON TCP1502/Unit1, LS XGT Fast Ethernet 드라이버, FX OPC DA 경로를 실제 설정 캡처와 대조한다. FX→LS는 CIMON 중계 경로이며 두 PLC 사이에 직접 통신선을 그리지 않는다. FX OPC Server와 GX Simulator를 구분한다. 실제 IP/포트/장치명/OPC그룹/갱신주기/폴링/Deadband를 적거나 명확한 통신 설정표 참조를 건다. 예시IP를 실측 확정값처럼 쓰지 않는다. PC 내 시뮬레이터 연결과 ESP Wi-Fi 구간을 구별하고, 현재 미사용 RS485/RTU를 실행 경로로 남기지 않는다. 표 제목은 COMMUNICATION INTERFACE SUMMARY처럼 역할이 분명하게 붙이고 연결 대상·방향·클라이언트/서버 역할을 일치시킨다. | F8: AE01, AE08, AE09, AE10, AE11 | G8: 02_PDF/02_FINAL/003_CURRENT_COMMUNICATION_NETWORK-CURRENT COMMUNICATION NETWORK.pdf / AE01 RUN20261017-01-AE01-A01 → AE01_01_esp_monitor.png; AE08 RUN20261017-01-AE08-A01 → AE08_01_power_loss_recovery.mp4; AE09 RUN20261017-01-AE09-A01 → AE09_01_fx_loss_recovery.mp4; AE10 RUN20261017-01-AE10-A01 → AE10_01_ls_loss_recovery.mp4; AE11 RUN20261017-01-AE11-A01 → AE11_01_continuous_run.mp4 | H8: 대조완료 | I8: 46317
A9: 004 | B9: LOGICAL I/O AND WRITE OWNERS | C9: 004 | D9: 004_LOGICAL_IO_AND_WRITE_OWNERS.dwg / R0 | E9: M01000·M01004~M0100B는 SIM_IO 작성, M01001~03은 명령 출처, M0100C는 LS 환경 수신부 작성으로 구분한다. M01100~M01105는 MAIN의 장치명령이며 실물 P출력에 연결된 상태가 아님을 표시한다. M00200~M00204 명령과 M02000~M02004/M02010~M02015 원시 모사 입력을 구분하고 같은 최종값의 중복 작성자가 없도록 맞춘다. LS 주소는 D00100처럼5자리, M 끝자리16진수 표기를 유지한다. FX D100과 LS D00100을 혼동하지 않는다. CIMON M 읽기/쓰기 주소가 다른 실제 설정은 HMI 주소표에 구분해 적고 논리PLC주소를 쓰기 오프셋 주소로 바꾸지 않는다. | F9: P01, P02, P07, P08, P10, P11, P12, P13, P14, P15, AE01 | G9: 02_PDF/02_FINAL/004_LOGICAL_IO_AND_WRITE_OWNERS-LOGICAL I_O AND WRITE OWNERS.pdf / P01 RUN20261017-01-P01-A01 → P01_01_initial.png; P02 RUN20261017-01-P02-A01 → P02_01_cycle.mp4; P07 RUN20261017-01-P07-A01 → P07_00_stop_recovery.mp4; P08 RUN20261017-01-P08-A01 → P08_A_held_reset.mp4; P10 RUN20261017-01-P10-A01 → P10_01_timeout101.mp4; P11 RUN20261017-01-P11-A01 → P11_01_timeout102.mp4; P12 RUN20261017-01-P12-A01 → P12_01_timeout105.mp4; P13 RUN20261017-01-P13-A01 → P13_01_timeout106.mp4; P14 RUN20261017-01-P14-A01 → P14_01_timeout107.mp4; P15 RUN20261017-01-P15-A01 → P15_01_timeout109.mp4; AE01 RUN20261017-01-AE01-A01 → AE01_01_esp_monitor.png | H9: 대조완료 | I9: 46317
A10: 005 | B10: VIRTUAL SAFETY AND STARTUP CONDITIONS | C10: 005 | D10: 005_VIRTUAL_SAFETY_AND_STARTUP_CONDITIONS.dwg / R0 | E10: 비상정지 M02000=1누름, 문 M02001=1닫힘, 고장M02004=1비정상 극성을 맞춘다. 안전 복귀M02002·모델 정리M02003·공정 RESET M00202의 역할을 따로 표시한다. 원시 정상→새 안전 복귀→필요모델정리→공정 RESET→LS10/알람0→ATE READY→새START 순서로 복귀 흐름을 맞춘다. 원인 제거만으로 또는 복귀 버튼을 누른 채 원인을 제거했을 때 허가가 재설정되지 않는 것을 실제 증거와 연결한다. 일반 PLC의 가상 안전 릴레이 정책 모사이며 실제 안전회로·차단시간·이중채널·인증을 검증한 것이 아니라고 적는다. | F10: P01, P07, P08, P16 | G10: 02_PDF/02_FINAL/005_VIRTUAL_SAFETY_AND_STARTUP_CONDITIONS-VIRTUAL SAFETY AND STARTUP CONDITIONS.pdf / P01 RUN20261017-01-P01-A01 → P01_01_initial.png; P07 RUN20261017-01-P07-A01 → P07_00_stop_recovery.mp4; P08 RUN20261017-01-P08-A01 → P08_A_held_reset.mp4; P16 RUN20261017-01-P16-A01 → P16_01_restart.mp4 | H10: 대조완료 | I10: 46317
A11: 006 | B11: LS PROCESS SEQUENCE AND RESULT ROUTING | C11: 006 | D11: 006_LS_PROCESS_SEQUENCE_AND_RESULT_ROUTING.dwg / R0 | E11: LS 상태0,10,20,30,40,50,60,70,80,81/82/83,90,100,110,900과 상태별 동작을 실제 결과와 맞춘다. 결과1/2/3은 PASS81/FAIL82/RETEST83으로 분기하고 분류 결과는 수락 래치D00102를 사용한다. 검사수락60→70과 제품완료100→110을 구분한다. CSV는 앞 사건, 생산량은 뒤 사건이어서 중단시 수가 다를 수 있다. STOP=900/알람2, 안전상실=0/알람1, 장치고장=900/해당알람이라는 우선순위·수동복구 흐름을 맞춘다. 40·80·110은 짧게 지나갈 수 있으므로 사진에 모든 상태가 없다는 이유만으로 도면을 수정하지 않는다. | F11: P02, P03, P04, P07, P08, P10, P11, P12, P13, P14, P15, AE02, P17 | G11: 02_PDF/02_FINAL/006_LS_PROCESS_SEQUENCE_AND_RESULT_ROUTING-LS PROCESS SEQUENCE AND RESULT ROUTING.pdf / P02 RUN20261017-01-P02-A01 → P02_01_cycle.mp4; P03 RUN20261017-01-P03-A01 → P03_01_cycle.mp4; P04 RUN20261017-01-P04-A01 → P04_01_cycle.mp4; P07 RUN20261017-01-P07-A01 → P07_00_stop_recovery.mp4; P08 RUN20261017-01-P08-A01 → P08_A_held_reset.mp4; P10 RUN20261017-01-P10-A01 → P10_01_timeout101.mp4; P11 RUN20261017-01-P11-A01 → P11_01_timeout102.mp4; P12 RUN20261017-01-P12-A01 → P12_01_timeout105.mp4; P13 RUN20261017-01-P13-A01 → P13_01_timeout106.mp4; P14 RUN20261017-01-P14-A01 → P14_01_timeout107.mp4; P15 RUN20261017-01-P15-A01 → P15_01_timeout109.mp4; AE02 RUN20261017-01-AE02-A01 → AE02_03_ate.csv; P17 RUN20261017-01-P17-A02 → P17_01_timeout103.mp4 | H11: 대조완료 | I11: 46317
A12: 007 | B12: OPERATING MODES AND RESTART POLICY | C12: 007 | D12: 007_OPERATING_MODES_AND_RESTART_POLICY.dwg / R0 | E12: D00053=0 Auto/1 Manual과 D01220=0단발/1연속은 별개 선택으로 표시한다. Manual은 사이클 금지·대기 수량초기화이며Jog 미구현이다. 연속 선택만으로 시작하지 않고 첫START가 필요하며 M02100은 PLC가 계산하는 반복 기억이라는 것을 맞춘다. 연속→단발·환경허가OFF는 현재제품완료 후 다음기동을 막고, STOP/안전/고장은 기존 즉시중단 정책인 것을 구분한다. 환경복원·RESET·다시연속선택만으로 자동재개하지 않고 새START가 필요한 것을 증거와 맞춘다. 생산량32비트4종은 Manual+빈대기10+알람0+복구가능+새M00204에서만초기화되며 일반RESET/ACK는 수량을 지우지 않는다. 재RUN초기화 정책도 기록한다. | F12: P05, P06, P07, P08, P09, P16, AE11 | G12: 02_PDF/02_FINAL/007_OPERATING_MODES_AND_RESTART_POLICY-OPERATING MODES AND RESTART POLICY.pdf / P05 RUN20261017-01-P05-A01 → P05_06_mode_count_reset.mp4; P06 RUN20261017-01-P06-A01 → P06_01_continuous.mp4; P07 RUN20261017-01-P07-A01 → P07_00_stop_recovery.mp4; P08 RUN20261017-01-P08-A01 → P08_A_held_reset.mp4; P09 RUN20261017-01-P09-A01 → P09_01_env_off.mp4; P16 RUN20261017-01-P16-A01 → P16_01_restart.mp4; AE11 RUN20261017-01-AE11-A01 → AE11_01_continuous_run.mp4 | H12: 대조완료 | I12: 46317
A13: 008 | B13: LS / VIRTUAL ATE REGISTER TRANSACTION | C13: 008 | D13: 008_LS_AND_VIRTUAL_ATE_REGISTER_TRANSACTION.dwg / R0 | E13: CIMON 매핑과 LS D00020/21/22/24/25/26/27/28/29/30의 주소·방향·자료형을 맞춘다. PLC와LabVIEW 작성자가 겹치지 않는다. 실제 계약은 FC03 offset0 count14 읽기, FC16 offset3 count2 RESULT/RESPONSE_ID쓰기, PLC수신사본echo확인 후 FC06 offset5 DONE=1이다. 3워드 동시쓰기라고 쓰지 않는다. DONE0 관찰·현재요청ID일치·유효결과1~3·60→70 수락 조건을 명시한다. 이후DONE0→echo0→payload정리 순서를 actual VI와 대조하고 D00029는 마지막 정상수락ID라 일반공정 RESET으로 지우지 않는 것을 맞춘다. D00023/T0007/LS 알람108 예약 항목을 실제ATE하트비트검증 구현처럼 표시하지 않는다. | F13: P02, P03, P04, AE01, AE02, AE05, P17 | G13: 02_PDF/02_FINAL/008_LS_AND_VIRTUAL_ATE_REGISTER_TRANSACTION-LS _ VIRTUAL ATE REGISTER TRANSACTION.pdf / P02 RUN20261017-01-P02-A01 → P02_01_cycle.mp4; P03 RUN20261017-01-P03-A01 → P03_01_cycle.mp4; P04 RUN20261017-01-P04-A01 → P04_01_cycle.mp4; AE01 RUN20261017-01-AE01-A01 → AE01_01_esp_monitor.png; AE02 RUN20261017-01-AE02-A01 → AE02_03_ate.csv; AE05 RUN20261017-01-AE05-A01 → AE05_01_ate.csv; P17 RUN20261017-01-P17-A02 → P17_01_timeout103.mp4 | H13: 대조완료 | I13: 46317
A14: 009 | B14: LABVIEW VIRTUAL ATE AND ACCEPTANCE CSV | C14: 009 | D14: 009_LABVIEW_VIRTUAL_ATE_AND_ACCEPTANCE_CSV.dwg / R0 | E14: LabVIEW는SCADA가 아니라 VirtualATE이며 AUTO는0~5000mV모사값을low<=voltage<=high로PASS판정, MANUAL은 결과직접선택이라는 역할을 맞춘다. 결과·ID·기록용측정값은 새요청을수락하는상태65에서고정하고 상태70은1초가상 검사 지연이라는 실제VI흐름을 맞춘다. CSV9열 captured_utc,request_id,mode,voltage_mV,low_mV,high_mV,result_code,accepted_utc,accepted_id를 실제 파일과대조한다. 수락확인 후1요청1행, MANUAL전압/상하한빈칸, request_id=accepted_id, UTC와KST9시간차이를 맞춘다. CSV를실제반도체측정성적서·생산완료이력으로표현하지 않는다. 파일경로/실행ID/조회근거와저장실패의실제확인범위를연결한다. | F14: P02, P03, P04, P12, P13, P14, P15, AE02, AE05, P17 | G14: 02_PDF/02_FINAL/009_LABVIEW_VIRTUAL_ATE_AND_ACCEPTANCE_CSV-LABVIEW VIRTUAL ATE AND ACCEPTANCE CSV.pdf / P02 RUN20261017-01-P02-A01 → P02_01_cycle.mp4; P03 RUN20261017-01-P03-A01 → P03_01_cycle.mp4; P04 RUN20261017-01-P04-A01 → P04_01_cycle.mp4; P12 RUN20261017-01-P12-A01 → P12_01_timeout105.mp4; P13 RUN20261017-01-P13-A01 → P13_01_timeout106.mp4; P14 RUN20261017-01-P14-A01 → P14_01_timeout107.mp4; P15 RUN20261017-01-P15-A01 → P15_01_timeout109.mp4; AE02 RUN20261017-01-AE02-A01 → AE02_03_ate.csv; AE05 RUN20261017-01-AE05-A01 → AE05_01_ate.csv; P17 RUN20261017-01-P17-A02 → P17_01_timeout103.mp4 / 제목 셀 경계 겹침: 경미한 편집 보완 권고 | H14: 대조완료 | I14: 46317
A15: 010 | B15: ESP32 SENSOR WIRING AND DATA FRAME | C15: 010 | D15: 010_ESP32_SENSOR_WIRING_AND_DATA_FRAME.dwg / R0 | E15: 실제 시제품은 ESP32-S3-DevKitC-1+DFRobot SEN0137, VCC=3V3·S=GPIO4·GND공통이라는현재 배선을맞춘다. 임의로5V배선으로그림을바꾸지않는다. 실제 3V3공급 시험 결과와제조사 5V전원 안내를구분하고 전원 사양 적합성 미평가메모를 유지한다. 실측 정상만으로권장 공급 범위가검증됐다고 하지않는다. 센서주기2500ms, raw 유효 감시6초, MAP/BOOT/SEQ/TEMP/RH/VALID/STATUS/AGE의단위·부호·범위가 현재 코드와 맞는지확인한다. FC04 raw0~7과확장8~23을구분하고 packed DWORD 상위16비트=발행세대, 하위16비트=raw8값을표시한다. 미사용 센서·PWM모터제어·RTU·추가부하를현재 구현선에남기지 않고 ESP코드버전과정상 로그를증거로 연결한다. | F15: AE01, AE08 | G15: 02_PDF/02_FINAL/010_ESP32_SENSOR_WIRING_AND_DATA_FRAME-ESP32 SENSOR WIRING AND DATA FRAME.pdf / AE01 RUN20261017-01-AE01-A01 → AE01_01_esp_monitor.png; AE08 RUN20261017-01-AE08-A01 → AE08_01_power_loss_recovery.mp4 | H15: 대조완료 | I15: 46317
A16: 011 | B16: FX SENSOR PREPARE / COMMIT / ACK | C16: 011 | D16: 011_FX_SENSOR_PREPARE_AND_COMMIT_AND_ACK.dwg / R0 | E16: FX D200~207수신 준비값, D208준비 요청,D209적용,D210초기화,D220~227준비 스냅샷,D228준비 ID,D230~237적용 스냅샷,D238ACK,D239초기화 ACK,D257highwater를실제 등록과맞춘다. D240/D242/.../D254의DWORD미리보기는 하위word=값 · 상위word=준비 ID이며OPC에서 32비트unsigned로 읽는 것을맞춘다. prepare→같은 ID 미리보기8개 확인→commit→적용 ACK 확인의순서를현재 성공 스크립트와맞춘다. 거래 ID1~32000·세션 중 중복 금지·늦은 ACK/재전송 처리·reset 요청 시highwater를함부로0으로 만들지 않는 정책을 실제 성공본과대조한다. 일시 진단본의 타임아웃/메시지와현재 normal_v01성공본을 섞지 않고 확정 스크립트명·폴링/갱신설정 버전을남긴다. | F16: AE01, AE08, AE09, AE11 | G16: 02_PDF/02_FINAL/011_FX_SENSOR_PREPARE_AND_COMMIT_AND_ACK-FX SENSOR PREPARE _ COMMIT _ ACK.pdf / AE01 RUN20261017-01-AE01-A01 → AE01_01_esp_monitor.png; AE08 RUN20261017-01-AE08-A01 → AE08_01_power_loss_recovery.mp4; AE09 RUN20261017-01-AE09-A01 → AE09_01_fx_loss_recovery.mp4; AE11 RUN20261017-01-AE11-A01 → AE11_01_continuous_run.mp4 | H16: 대조완료 | I16: 46317
A17: 012 | B17: FX ENVIRONMENTAL JUDGMENT | C17: 012 | D17: 012_FX_ENVIRONMENTAL_JUDGMENT.dwg / R0 | E17: 현재사용자 확정값 T0 K100=10초/T1 K60=6초/D7<120(100ms단위)=12초/복귀습도상한K6500=65%RH를맞춘다. 제안했던 68%값을남기지않는다. 나머지실제 온습도 유지/복귀 범위와샘플5회 복귀 조건을성공본과대조해온도°C·습도%RH·원시값×100 단위를명시한다. 실측 모드M0=0, 판단 대상은commit된 D0~D7프레임이며 준비값만으로 허가하지 않는 다는것을맞춘다. 샘플 SEQ 갱신·자료 유효·상태·전달/센서 경과·히스테리시스 조건을구분한다. 고정된 cached 온습도 숫자만으로 허가하지 않는다. 허용범위 이탈을실제 온습도변화로 시험하지 않았다면 기존모의 판정 근거와구분하고 미실시 범위를R116에정직하게 기록한다. | F17: P09, AE01, AE08, AE09, AE11 | G17: 02_PDF/02_FINAL/012_FX_ENVIRONMENTAL_JUDGMENT-FX ENVIRONMENTAL JUDGMENT.pdf / P09 RUN20261017-01-P09-A01 → P09_01_env_off.mp4; AE01 RUN20261017-01-AE01-A01 → AE01_01_esp_monitor.png; AE08 RUN20261017-01-AE08-A01 → AE08_01_power_loss_recovery.mp4; AE09 RUN20261017-01-AE09-A01 → AE09_01_fx_loss_recovery.mp4; AE11 RUN20261017-01-AE11-A01 → AE11_01_continuous_run.mp4 | H17: 대조완료 | I17: 46317
... A27: 022 | B27: PLANNED FIELD INTERFACES AND CABLE SCHEDULE | C27: 022 | D27: 022_PLANNED_FIELD_INTERFACES_AND_CABLE_SCHEDULE.dwg / R0 | E27: 항상 CONCEPT / NOT FOR CONSTRUCTION. 케이블/필드 기기/단자대스케줄이실물 설치 완료 명세로보이지않게한다. 각연결의 출발점·도착점·신호 종류·계획 케이블 그룹과P101~P104기호를맞추고실제 현재 통신은R102를참조시킨다. 길이/심수/선경/쉴드 접지/센서 극성/단자번호 미확정은개념 단계 미정으로표시하고추정값을실측치처럼 쓰지않는다. 실제 도입하지 않은 기기와현재 ESP 시제품을분리하고이개념도에는실물 시험PASS항목을연결하지않는다. | F27: 기능시험 해당 없음 - 개념도 문서 검토 | G27: 02_PDF/02_FINAL/022_PLANNED_FIELD_INTERFACES_AND_CABLE_SCHEDULE-PLANNED FIELD INTERFACES AND CABLE SCHEDULE.pdf / 개념 설계 문서 검토. 실물 제작·결선·안전 성능 검증 제외. CONCEPT / NOT FOR CONSTRUCTION 상태 문구 유지(사용자 결정). / 마지막 주석 셀 경계 겹침: 경미한 편집 보완 권고 | H27: 개념검토완료 | I27: 46317
